date	job_id	exp_name	script	timestamp	seeds	n1	nt	lam	terms
2026-09-23T18:17:51+02:00	110082	lamtune_full	lamtune_full.sh	20260923_1817	900 901 902 903 904	10000	40000	0.0	L_6 L_6_psi L_2_lowpass Scalar_psi_gaussianK Scalar_morlet_gaussianK Scattering_Fourth_Order_Mod2_Real_Q1 Scattering_Fourth_Order_Mod2_Imag_Q1
2026-09-23T18:18:58+02:00	110101	lamtune_full	lamtune_full.sh	20260923_1818	900	10000	40000	0.0	L_6 L_6_psi L_2_lowpass Scalar_psi_gaussianK Scalar_morlet_gaussianK Scattering_Fourth_Order_Mod2_Real_Q1 Scattering_Fourth_Order_Mod2_Imag_Q1
2026-09-23T18:42:50+02:00	111309	lamtune_full	lamtune_full.sh	20260923_1842	900	10000	40000	0.0	L_6 L_6_psi L_2_lowpass Scalar_psi_gaussianK Scalar_morlet_gaussianK Scattering_Fourth_Order_Mod2_Real_Q1 Scattering_Fourth_Order_Mod2_Imag_Q1
2026-09-23T19:02:43+02:00	112346	lamtune_full	lamtune_full.sh	20260923_1902	900 901 902 903 904	10000	40000	0.0	L_6 L_6_psi L_2_lowpass Scalar_psi_gaussianK Scalar_morlet_gaussianK Scattering_Fourth_Order_Mod2_Real_Q1 Scattering_Fourth_Order_Mod2_Imag_Q1
2026-09-23T19:03:14+02:00	112348	lamtune_full	lamtune_full.sh	20260923_1903	900	10000	40000	0.0	L_6 L_6_psi L_2_lowpass Scalar_psi_gaussianK Scalar_morlet_gaussianK Scattering_Fourth_Order_Mod2_Real_Q1 Scattering_Fourth_Order_Mod2_Imag_Q1
2026-09-23T19:25:04+02:00	113772	lamtune_full_nt33000	lamtune_full_nt33000.sh	20260923_1925	900 901 902 903 904	10000	33000	0.0	L_6 L_6_psi L_2_lowpass Scalar_psi_gaussianK Scalar_morlet_gaussianK Scattering_Fourth_Order_Mod2_Real_Q1 Scattering_Fourth_Order_Mod2_Imag_Q1
2026-09-23T19:25:04+02:00	113773	lamtune_full_n1_8500	lamtune_full_n1_8500.sh	20260923_1925	900 901 902 903 904	8500	40000	0.0	L_6 L_6_psi L_2_lowpass Scalar_psi_gaussianK Scalar_morlet_gaussianK Scattering_Fourth_Order_Mod2_Real_Q1 Scattering_Fourth_Order_Mod2_Imag_Q1
2026-09-24T16:18:20+02:00	151911	long_full_sched3_reg1e-4	long_sched3.sh	20260924_1618	900	8500	40000	0.0	L_6 L_6_psi L_2_lowpass Scalar_psi_gaussianK Scalar_morlet_gaussianK Scattering_Fourth_Order_Mod2_Real_Q1 Scattering_Fourth_Order_Mod2_Imag_Q1
2026-09-24T16:18:21+02:00	151913	long_noL2lowpass_sched3_reg1e-4	long_sched3.sh	20260924_1618	900	8500	40000	0.0	L_6 L_6_psi Scalar_psi_gaussianK Scalar_morlet_gaussianK Scattering_Fourth_Order_Mod2_Real_Q1 Scattering_Fourth_Order_Mod2_Imag_Q1
2026-09-24T16:18:21+02:00	151914	long_noScalarMorlet_sched3_reg1e-4	long_sched3.sh	20260924_1618	900	8500	40000	0.0	L_6 L_6_psi L_2_lowpass Scalar_psi_gaussianK Scattering_Fourth_Order_Mod2_Real_Q1 Scattering_Fourth_Order_Mod2_Imag_Q1
2026-09-24T16:18:21+02:00	151915	long_noL2lowpass_noScalarMorlet_sched3_reg1e-4	long_sched3.sh	20260924_1618	900	8500	40000	0.0	L_6 L_6_psi Scalar_psi_gaussianK Scattering_Fourth_Order_Mod2_Real_Q1 Scattering_Fourth_Order_Mod2_Imag_Q1
2026-09-24T16:18:21+02:00	151916	long_full_sched3_reg1e-2	long_sched3.sh	20260924_1618	900	8500	40000	0.0	L_6 L_6_psi L_2_lowpass Scalar_psi_gaussianK Scalar_morlet_gaussianK Scattering_Fourth_Order_Mod2_Real_Q1 Scattering_Fourth_Order_Mod2_Imag_Q1
2026-09-24T16:18:21+02:00	151917	long_full_sched2_reg1e-4	long_sched3.sh	20260924_1618	900	8500	40000	0.0	L_6 L_6_psi L_2_lowpass Scalar_psi_gaussianK Scalar_morlet_gaussianK Scattering_Fourth_Order_Mod2_Real_Q1 Scattering_Fourth_Order_Mod2_Imag_Q1
2026-09-24T16:20:57+02:00	152062	diag_reg1e-2_sched2	diag_reg_schedule.sh	20260924_1620	900	2000	40000	1e-6	L_6 L_6_psi L_2_lowpass Scalar_psi_gaussianK Scalar_morlet_gaussianK Scattering_Fourth_Order_Mod2_Real_Q1 Scattering_Fourth_Order_Mod2_Imag_Q1
2026-09-24T16:20:57+02:00	152063	diag_reg1e-2_sched3	diag_reg_schedule.sh	20260924_1620	900	2000	40000	1e-6	L_6 L_6_psi L_2_lowpass Scalar_psi_gaussianK Scalar_morlet_gaussianK Scattering_Fourth_Order_Mod2_Real_Q1 Scattering_Fourth_Order_Mod2_Imag_Q1
2026-09-24T16:20:57+02:00	152064	diag_reg1e-4_sched2	diag_reg_schedule.sh	20260924_1620	900	2000	40000	1e-6	L_6 L_6_psi L_2_lowpass Scalar_psi_gaussianK Scalar_morlet_gaussianK Scattering_Fourth_Order_Mod2_Real_Q1 Scattering_Fourth_Order_Mod2_Imag_Q1
2026-09-24T16:21:00+02:00	152065	diag_reg1e-4_sched3	diag_reg_schedule.sh	20260924_1620	900	2000	40000	1e-6	L_6 L_6_psi L_2_lowpass Scalar_psi_gaussianK Scalar_morlet_gaussianK Scattering_Fourth_Order_Mod2_Real_Q1 Scattering_Fourth_Order_Mod2_Imag_Q1
2026-09-25T12:56:19+02:00	178435	profile_step	profile_step.sh	20260925_1256	900	8500	400	0.0	L_6 L_6_psi L_2_lowpass Scalar_psi_gaussianK Scalar_morlet_gaussianK Scattering_Fourth_Order_Mod2_Real_Q1 Scattering_Fourth_Order_Mod2_Imag_Q1
2026-09-25T14:09:41+02:00	180922	schedtest_two_phase_reg1e-4	schedule_test.sh	20260925_1409	900	8500	60000	0.0	L_6 L_6_psi L_2_lowpass Scalar_psi_gaussianK Scalar_morlet_gaussianK Scattering_Fourth_Order_Mod2_Real_Q1 Scattering_Fourth_Order_Mod2_Imag_Q1
2026-09-25T14:09:42+02:00	180924	schedtest_adaptive_reg1e-4	schedule_test.sh	20260925_1409	900	8500	60000	0.0	L_6 L_6_psi L_2_lowpass Scalar_psi_gaussianK Scalar_morlet_gaussianK Scattering_Fourth_Order_Mod2_Real_Q1 Scattering_Fourth_Order_Mod2_Imag_Q1
2026-09-25T14:14:51+02:00	181023	schedtest_two_phase_noL2lowpass_reg1e-4	schedule_test.sh	20260925_1414	900	8500	60000	0.0	L_6 L_6_psi Scalar_psi_gaussianK Scalar_morlet_gaussianK Scattering_Fourth_Order_Mod2_Real_Q1 Scattering_Fourth_Order_Mod2_Imag_Q1
2026-09-25T14:14:51+02:00	181024	schedtest_two_phase_noScalarMorlet_reg1e-4	schedule_test.sh	20260925_1414	900	8500	60000	0.0	L_6 L_6_psi L_2_lowpass Scalar_psi_gaussianK Scattering_Fourth_Order_Mod2_Real_Q1 Scattering_Fourth_Order_Mod2_Imag_Q1
2026-09-25T14:14:51+02:00	181025	schedtest_two_phase_noL2lowpass_noScalarMorlet_reg1e-4	schedule_test.sh	20260925_1414	900	8500	60000	0.0	L_6 L_6_psi Scalar_psi_gaussianK Scattering_Fourth_Order_Mod2_Real_Q1 Scattering_Fourth_Order_Mod2_Imag_Q1
2026-09-25T14:14:51+02:00	181026	schedtest_adaptive_noL2lowpass_reg1e-4	schedule_test.sh	20260925_1414	900	8500	60000	0.0	L_6 L_6_psi Scalar_psi_gaussianK Scalar_morlet_gaussianK Scattering_Fourth_Order_Mod2_Real_Q1 Scattering_Fourth_Order_Mod2_Imag_Q1
2026-09-25T14:14:51+02:00	181027	schedtest_adaptive_noScalarMorlet_reg1e-4	schedule_test.sh	20260925_1414	900	8500	60000	0.0	L_6 L_6_psi L_2_lowpass Scalar_psi_gaussianK Scattering_Fourth_Order_Mod2_Real_Q1 Scattering_Fourth_Order_Mod2_Imag_Q1
2026-09-25T14:14:51+02:00	181028	schedtest_adaptive_noL2lowpass_noScalarMorlet_reg1e-4	schedule_test.sh	20260925_1414	900	8500	60000	0.0	L_6 L_6_psi Scalar_psi_gaussianK Scattering_Fourth_Order_Mod2_Real_Q1 Scattering_Fourth_Order_Mod2_Imag_Q1
